萨卡兹语,类别,词性,汉语释义,来源类别,来源,确证,出处
',词根,缀,从属结构标记；外来词分割标志,闪语,亚非语系构造态,析出,Qui'sartuštaj · Qui'saršinnag 等词
a-,词根,缀,从属结构连接元音,闪语,音系插入,新造,
abada,词汇及词根,动,劳作；制作；行事,闪语,希伯来语／阿拉米语 ʿăbad,新造,
abadem,词汇,名,工作；劳作,闪语,abada + -m,新造,
abadil,词汇,名,工场；工厂,闪语,abada + -il,新造,
absente,词汇,形,不在的,拉丁,拉丁语 absens,新造,
ad,词汇,介,向；到,拉丁,拉丁语 ad,新造,
adnotation,词汇,名,注记,拉丁,拉丁语 adnotatio,新造,
afikso,词汇,名,海报,拉丁,拉丁语 affixum,新造,
agaš,词汇及词根,名,档案；情报；记录,拉丁,不详,官方,《明日方舟》界面主题「词祭」中的「档案」agaš
agašil,词汇,名,档案馆,拉丁,agaš + -il,新造,
agašlehem,词汇,名,思想,其他,agaš + -lehem,官方,《明日方舟》集成战略「萨卡兹的无终奇语」宣传 PV 01:13 中的「思想」agašlehem
agašlehemhate,词汇,动,考虑；思量,其他,agašlehem + -hate,新造,
agašleho,词汇,名,想象 (?)；抽象 (?),其他,agaš + -leho,官方,《明日方舟》集成战略「萨卡兹的无终奇语」巫仪档案库中的「想象实体图鉴」la'yre agašleho qandecte
agente,词汇,名,代理；智能体,拉丁,拉丁语 agens,新造,
ah,词汇及词根,名,兄弟,闪语,希伯来语 ʾāḥ,新造,
ahim,词汇,名,兄弟们；手足,闪语,ah + -im,新造,
akademiko,词汇,形,学术的,拉丁,拉丁语 academicus,新造,
alef,词汇,数,千；大军；无数,闪语,原始闪语 *ʔalp-,新造,
alma,词汇,名,世界；世代；宇宙,闪语,阿拉米语 ʿāləmā,官方,《明日方舟》SN-ST-1 英文剧情文本
alteri,词汇,名,选项 (?)；替代 (?),拉丁,拉丁语 alter,析出,《明日方舟》集成战略「萨卡兹的无终奇语」灵视旋律曲目 8「Nar'aejeph Saralteri / No Alternatives」
-am,词根,缀,复数,其他,不明,析出,passam · qlimam 等词
ana,词汇及词根,动,回答,闪语,希伯来语／阿拉米语 ʿānâ,新造,
analiso,词汇,名,分析,拉丁,拉丁语 analysis,新造,
anem,词汇,名,答案,闪语,ana + -m,新造,
Anglo,词汇,形,英语；英国的,拉丁,拉丁语 Anglus + -o,新造,
ante,词汇,介,在……之前,拉丁,拉丁语 ante,新造,
aplication,词汇,名,应用,拉丁,拉丁语 applicatio,新造,
arael,词汇,名,君主；勇士；首领,闪语,希伯来语 ʾărîʾēl,官方,《明日方舟》杜卡雷「君主之红」英文剧情翻译 Duq'arael
arba,词汇,数,四,闪语,原始闪语 *ʔarbaʕ-,新造,
arč,词根,词根,不详（见 qalid'arč）,其他,不明,官方,《明日方舟》界面主题「词祭」中的「终端」qalid'arč
aron,词汇及词根,名,箱；柜,闪语,希伯来语 ʾārôn,新造,
aron'hol,词汇,名,沙盒,闪语,aron + hol,新造,
artificiale,词汇,形,人工的,拉丁,拉丁语 artificialis,新造,
artikulo,词汇,名,条目；文章,拉丁,拉丁语 articulus,新造,
arto,词汇,名,艺术,拉丁,拉丁语 ars / art-,新造,
asar,词汇及词根,数,十,闪语,原始闪语 *ʕaśar-,新造,
ata,词汇,副,现在；当前,闪语,希伯来语 ʿattâ,新造,
auge,词汇,动,缩放；增大,拉丁,拉丁语 augere,新造,
Augusto,词汇,专名,八月,拉丁,拉丁语 Augustus,新造,
aut,词汇,连,或,拉丁,拉丁语 aut,新造,
automato,词汇,形,自动的,拉丁,拉丁语 automatus,新造,
bahar,词汇,动,选择；偏好,闪语,希伯来语 bāḥar,新造,
Balor'sača,词汇,专名,霸迩萨；焕日者,其他,不明,官方,《明日方舟》霸迩萨「焕日者」英文剧情翻译 Duq'arael
baso,词汇,名,基底,拉丁,拉丁语 basis,新造,
baso'dato,词汇,名,数据库,拉丁,baso + dato,新造,
benevolentes,词汇,形,仁善的 (?),拉丁,拉丁语 benevolens,官方,《明日方舟》集成战略「萨卡兹的无终奇语」灵视旋律曲目 10「Malihirmam Benevolentes」
benulitel,词汇,名,不明（-el 分词）,其他,不明,官方,《明日方舟》集成战略「萨卡兹的无终奇语」宣传 PV 00:58
beta,词汇,名,测试版,拉丁,希腊字母 beta,新造,
bina,词汇,名,理智；明辨,闪语,希伯来语／阿拉米语 bînâ,新造,
biologio,词汇,名,生物学,拉丁,拉丁语 biologia,新造,
Britannia,词汇,专名,英国,拉丁,拉丁语 Britannia,新造,
Buldrokkas'tee,词汇,专名,爱国者,其他,不明 + tee,官方,《明日方舟》爱国者真名
buton,词汇,名,按钮,拉丁,拉丁语 buttonem,新造,
Cantabrigia,词汇,专名,剑桥,拉丁,拉丁语 Cantabrigia,新造,
certamin,词汇,名,竞赛,拉丁,拉丁语 certamen,新造,
cito,词汇,副,很快,拉丁,拉丁语 cito,新造,
civitat,词汇,名,文明；城邦,拉丁,拉丁语 civitas,新造,
claro,词汇,形,清楚的,拉丁,拉丁语 clarus,新造,
claviaturo,词汇,名,键盘,拉丁,拉丁语 clavis + -atura,新造,
cliente,词汇,名,客户端,拉丁,拉丁语 cliens,新造,
codic,词汇,名,代码,拉丁,拉丁语 codex / codic-,新造,
colegio,词汇,名,学院,拉丁,拉丁语 collegium,新造,
color,词汇,名,颜色,拉丁,拉丁语 color,新造,
compage,词汇,名,框架,拉丁,拉丁语 compages,新造,
computa,词汇,动,计算,拉丁,拉丁语 computare,新造,
computation,词汇,名,计算,拉丁,拉丁语 computatio,新造,
computel,词汇,名,计算机,拉丁,computa + -el,新造,
conscientio,词汇,名,良知,拉丁,拉丁语 conscientia,新造,
contine,词汇,动,包含,拉丁,拉丁语 continere,新造,
continente,词汇,名,大陆,拉丁,拉丁语 continens,新造,
convene,词汇,动,匹配,拉丁,拉丁语 convenire,新造,
cooperation,词汇,名,合作,拉丁,拉丁语 cooperatio,新造,
čoa,词汇及词根,动,开启；解锁；解密,其他,北萨米语 čoavdit,官方,《明日方舟》喀利喀「钥匙」英文剧情翻译 Qalid'čoa
čoem,词汇,名,解密,其他,čoa + -m,新造,
daa,词汇及词根,动,飞,闪语,希伯来语 dāʾâ,新造,
daem,词汇,名,飞行；航班,闪语,daa + -m,新造,
daemil,词汇,名,机场,闪语,daem + -il,新造,
dato,词汇,名,数据,拉丁,拉丁语 datum,新造,
de,词汇,介,关于；从,拉丁,拉丁语 de,新造,
debe,词汇,动,应当；必须,拉丁,拉丁语 dēbet,新造,
declaration,词汇,名,宣言,拉丁,拉丁语 declaratio,新造,
dectro,词汇,形,右；右侧,拉丁,拉丁语 dexter / dextr-,新造,
del,词汇及词根,名,家,其他,不明,析出,Kazdel · Wiš'adel
departimento,词汇,名,院系,拉丁,拉丁语 departimentum,新造,
depende,词汇,动,依赖,拉丁,拉丁语 dependere,新造,
description,词汇,名,描述,拉丁,拉丁语 descriptio,新造,
designa,词汇,动,设计,拉丁,拉丁语 designare,新造,
designem,词汇,名,设计（行为）,拉丁,designa + -m,新造,
designo,词汇,名,设计,拉丁,拉丁语 designum,新造,
diagramo,词汇,名,图表,拉丁,拉丁语 diagramma,新造,
diario,词汇,名,博客；日志,拉丁,拉丁语 diarium,新造,
diferentio,词汇,名,差异；区别,拉丁,拉丁语 differentia,新造,
dignitat,词汇,名,尊严,拉丁,拉丁语 dignitas,新造,
disce,词汇,动,学习,拉丁,拉丁语 discere,新造,
discel,词汇,名,学生,拉丁,disce + -el,新造,
discem,词汇,名,学习,拉丁,disce + -m,新造,
discem'makino,词汇,名,机器学习,拉丁,discem + makino,新造,
division,词汇,名,分区,拉丁,拉丁语 divisio,新造,
documento,词汇,名,文档,拉丁,拉丁语 documentum,新造,
drakon,词汇,名,龙,拉丁,拉丁语 draco,新造,
dubio,词汇,名,疑虑,拉丁,拉丁语 dubium,新造,
dum,词汇,连,当……时,拉丁,拉丁语 dum,新造,
duq,词汇及词根,名,破灭 (?)；碾碎 (?)；君主 (?),闪语,闪语词根 d-q-q 或拉丁语 dux,官方,《明日方舟》杜卡雷「君主之红」英文剧情翻译 Duq'arael
Duq'arael,词汇,专名,杜卡雷,闪语,duq + arael,官方,《明日方舟》杜卡雷「君主之红」英文剧情翻译 Duq'arael
Duq'kanfališ,词汇,专名,杜康珐丽丝,闪语,duq + 不明,新造,《明日方舟》杜康珐丽丝英文剧情翻译 Duq'kanfališ
duqem,词汇,名,毁灭；失败,闪语,duq + -em,新造,
dwumo,词汇,名,年代；纪元,其他,不明,官方,《明日方舟》集成战略「萨卡兹的无终奇语」巫仪档案库中的「年代追忆」dwumo resonale
economio,词汇,名,经济学,拉丁,拉丁语 oeconomia,新造,
eczbitie,词汇,名,展览,拉丁,拉丁语 exhibitio,官方,《明日方舟》集成战略「萨卡兹的无终奇语」巫仪档案库中的「虚构展览」vul'fanas eczbitie
eczemplar,词汇,名,模板,拉丁,拉丁语 exemplar,新造,
eczplika,词汇,动,部署,拉丁,拉丁语 explicare,新造,
edite,词汇,动,编辑,拉丁,拉丁语 edere,新造,
editel,词汇,名,编辑器,拉丁,edite + -el,新造,
edition,词汇,名,版本；版次,拉丁,拉丁语 editio,新造,
education,词汇,名,教育,拉丁,拉丁语 educatio,新造,
efes,词汇及词根,数,零；无；终结,闪语,希伯来语 ʾep̄es,新造,
efeshate,词汇,动,清空,闪语,efes + -hate,新造,
ekuale,词汇,形,平等的,拉丁,拉丁语 aequalis,新造,
-el,词根,缀,分词 (?)；施事者 (?),其他,不明,析出,benulitel · qunanamel
eld,词汇及词根,形,旧的；古老的,其他,英语 eld,官方,《明日方舟》集成战略「萨卡兹的无终奇语」宣传 PV 00:58
eldem,词汇,名,古昔,其他,eld + -em,新造,
ele,词汇,代,这些,闪语,希伯来语 ʾēlleh,官方,《明日方舟》集成战略「萨卡兹的无终奇语」宣传 PV 00:58
elenko,词汇,名,名录；列表,拉丁,拉丁语 elenchus,新造,
elenkohate,词汇,动,列出,拉丁,elenko + -hate,新造,
-eliš,词根,缀,被动,闪语,-el + -iš,析出,nečateliš · koneliš 等词
-em,词根,缀,名词化 (?),其他,同 -m,析出,šwiǧemam · agašlehem 等词
emet,词汇及词根,名,真实；真理,闪语,希伯来语 ʾĕmet,新造,
emeti,词汇,形,真实的；准确的,闪语,emet + -i,新造,
eminente,词汇,形,杰出的,拉丁,拉丁语 eminens,新造,
emula,词汇,动,模拟,拉丁,拉丁语 aemulari,新造,
emulel,词汇,名,模拟器,拉丁,emula + -el,新造,
ergo,词汇,连,因此,拉丁,拉丁语 ergo,新造,
eror,词汇,名,错误,拉丁,拉丁语 error,新造,
esa,词汇,动,是（系动词）,拉丁,拉丁语 esse,新造,
esba,词汇,名,手指,闪语,希伯来语 ʾeṣbaʿ,新造,
esqa,词汇及词根,名,队伍；社团,拉丁,西班牙语 escuadrilla,官方,《明日方舟》界面主题「词祭」中的 esqa lonam · esqa londel
esqa lonam,词汇,名,分队,拉丁,esqa + lon + -am,官方,《明日方舟》界面主题「词祭」中的「编队」esqa lonam
esqa londel,词汇,名,基建；据点,拉丁,esqa + lon + del,官方,《明日方舟》界面主题「词祭」中的「基建」esqa londel
et,词汇,连,和；而,拉丁,拉丁语 et,官方,《明日方舟》集成战略「萨卡兹的无终奇语」宣传 PV 00:58
etiam,词汇,副,也,拉丁,拉丁语 etiam,新造,
Europa,词汇,专名,欧罗巴,拉丁,拉丁语 Europa,新造,
filo,词汇,名,文件,拉丁,拉丁语 filum,新造,
filtra,词汇,动,过滤,拉丁,拉丁语 filtrare,新造,
fisiko,词汇,名,物理学,拉丁,拉丁语 physica,新造,
fonto,词汇,名,字体,拉丁,拉丁语 fons / font-,新造,
fundo,词汇,名,背景,拉丁,拉丁语 fundus,新造,
futuro,词汇,名,未来,拉丁,拉丁语 futūrus,新造,
gener,词汇,名,种族；类,拉丁,拉丁语 genus / gener-,新造,
genera,词汇,动,生成,拉丁,拉丁语 generare,新造,
globo,词汇,名,地球仪,拉丁,拉丁语 globus,新造,
grado,词汇,名,学位；等级,拉丁,拉丁语 gradus,新造,
gul,词根,词根,不明,其他,不明,析出,《明日方舟》戈渎「砌城匠」英文剧情翻译 Gul'dul
Gul'dul,词汇,专名,戈渎,其他,gul + dul,官方,《明日方舟》戈渎「砌城匠」英文剧情翻译 Gul'dul
had,词汇及词根,数,一,闪语,原始闪语 *ʔaḥad-,新造,
haki,词汇,形,取巧的；hack 式的,其他,英语 hack + -i,新造,
hal,词汇及词根,名,仇恨；敌意,其他,不明,析出,《明日方舟》集成战略「萨卡兹的无终奇语」宣传 PV 01:11
halak,词汇及词根,动,行走；移动,闪语,希伯来语 hālak,新造,
halakel,词汇,名,旅行者,闪语,halak + -el,新造,
halakem,词汇,名,行进；旅行,闪语,halak + -m,新造,
halakemhate,词汇,动,移动（他动）,闪语,halakem + -hate,新造,
hameš,词汇,数,五,闪语,原始闪语 *ḫamš-,新造,
harad,词汇及词根,动,忧惧；战兢,闪语,希伯来语 ḥārad,新造,
haradem,词汇,名,忧惧,闪语,harad + -m,新造,
-hate,词根,缀,动词化 (?)；使……发生 (?),闪语,闪语词根 h-w-y,析出,malihate
haya,词汇及词根,动,活；生存,闪语,希伯来语 ḥāyâ,新造,
hayem,词汇,名,生命,闪语,haya + -m,新造,
haza,词汇及词根,动,看；观看,闪语,希伯来语／阿拉米语 ḥăzâ,新造,
hazem,词汇,名,观看；浏览量,闪语,haza + -m,新造,
hazem'kol,词汇,名,概览,闪语,hazem + kol,新造,
hazemam,词汇,名,经验；所见,闪语,hazem + -am,新造,
hazemhate,词汇,动,展示；显示,闪语,hazem + -hate,新造,
hed'hant,词汇,名,寻访,其他,英语 headhunt,官方,《明日方舟》界面主题「词祭」中的「寻访」hed'hant
hida,词汇,名,谜语,闪语,希伯来语 ḥîdâ,新造,
-hir,词根,词根,启示之光,闪语,阿拉米语 nəhîr,新造,
hodeš,词汇,名,月（历法）,闪语,希伯来语 ḥōdeš,新造,
hofeš,词汇及词根,名,自由,闪语,希伯来语 ḥōpeš,新造,
hofši,词汇,形,自由的,闪语,希伯来语 ḥopšî,新造,
hol,词汇及词根,名,沙,闪语,希伯来语 ḥôl,新造,
hora,词汇,名,小时,拉丁,拉丁语 hōra,新造,
hu,词汇,代,那,闪语,希伯来语 hahûʾ,新造,
-i,词根,缀,尼斯巴；序数,闪语,希伯来语 -î,新造,
iam,词汇,副,已经,拉丁,拉丁语 iam,新造,
idan,词汇,名,时间；时段,闪语,阿拉米语 ʿiddān,新造,
idan'sahaqem,词汇,名,游戏时长,闪语,idan + sahaqem,新造,
ikon,词汇,名,图标,拉丁,拉丁语 icon,新造,
-il,词根,缀,处所名词,拉丁,拉丁语 -īle,析出,urbusil · qav'palifanil
ilustration,词汇,名,插图,拉丁,拉丁语 illustratio,新造,
-im,词根,缀,集体 (?)；族名 (?),闪语,希伯来语阳性复数 -îm,析出,kazdelimam · šeraqimam
imigration,词汇,名,移民,拉丁,拉丁语 immigratio,新造,
in,词汇,介,在……中,拉丁,拉丁语 in,官方,《明日方舟》集成战略「萨卡兹的无终奇语」宣传 PV 00:58
indicio,词汇,名,提示,拉丁,拉丁语 indicium,新造,
ingenio,词汇,名,引擎,拉丁,拉丁语 ingenium,新造,
instalel,词汇,名,安装程序,拉丁,instala + -el,新造,
intende,词汇,动,打算,拉丁,拉丁语 intendere,新造,
inter,词汇,介,在……之间,拉丁,拉丁语 inter,新造,
interfacie,词汇,名,接口,拉丁,拉丁语 inter + facies,新造,
intersection,词汇,名,交叉,拉丁,拉丁语 intersectio,新造,
ipsi,词汇,代,其本身 (?),拉丁,拉丁语 ipse,官方,《明日方舟》集成战略「萨卡兹的无终奇语」主题场景奖励解锁前宣传图 qunanamel ipsi sar isfa nečata
isfa,词汇及词根,动,终止；结束,其他,不明,官方,《明日方舟》集成战略「萨卡兹的无终奇语」宣传 PV 00:58
isfem,词汇,名,终结,其他,isf- + -em,新造,
-iš,词根,缀,限定化（与 -el 合用）,其他,不明（底层继承）,析出,-eliš
-it,词根,缀,完成体,其他,不明（底层继承）,析出,isfit · maradit
iterum,词汇,副,再次,拉丁,拉丁语 iterum,新造,
itiner,词汇,名,旅程,拉丁,拉丁语 iter / itiner-,新造,
iur,词汇,名,权利,拉丁,拉丁语 ius / iur-,新造,
iutor,词汇,动,招募,拉丁,拉丁语 iūtus,官方,《明日方舟》界面主题「词祭」中的「公开招募」iutor
iutorem,词汇,名,招募,拉丁,iutor + -m,新造,
kal,词汇及词根,名,佚散；丧失,其他,不明,官方,《明日方舟》集成战略「萨卡兹的无终奇语」巫仪档案库中的「佚散思维辑录」kal'agashleho upharaelad
kalendo,词汇,名,日期,拉丁,拉丁语 kalendae,新造,
kampo,词汇,名,领域,拉丁,拉丁语 campus,新造,
kando,词汇,副,何时,拉丁,拉丁语 quando,新造,
karto,词汇,名,卡片,拉丁,拉丁语 charta,新造,
kaz,词汇及词根,名,家园；同族之人,其他,不明,官方,《明日方舟》蚀刻章「科尔达卡兹」kerda kaz（「新家园」）
kazam,词汇,名,人们；社群；人类,其他,kaz + -am,新造,
Kazdel,词汇,专名,卡兹戴尔；家园,其他,kaz + del,官方,《明日方舟》卡兹戴尔英文剧情翻译 Kazdel
kazdelim,词汇,名,卡兹戴尔之民 (?),其他,Kazdel + -im,官方,《明日方舟》集成战略「萨卡兹的无终奇语」宣传 PV 00:58 中的 kazdelimam
kerd-,词根,词根,新,其他,不明,新造,
kerda,词汇,形,新的,其他,不明,官方,《明日方舟》集成战略「萨卡兹的无终奇语」宣传 PV 00:58
kerdem,词汇,名,新生,其他,kerd- + -em,官方,《明日方舟》集成战略「萨卡兹的无终奇语」宣传 PV 01:15
kerdemhate,词汇,动,更新；刷新,其他,kerdem + -hate,新造,
kesef,词汇,名,银；钱,闪语,希伯来语 kesep̄,新造,
keso,词汇,叹,请,拉丁,拉丁语 quaeso,新造,
kia,词汇,连,因为,拉丁,拉丁语 quia,新造,
kid,词汇,代,什么,拉丁,拉丁语 quid,新造,
kis,词汇,代,谁,拉丁,拉丁语 quis,新造,
klaude,词汇,动,关闭；加密,拉丁,拉丁语 claudere,新造,
klaudem,词汇,名,加密,拉丁,klaude + -m,新造,
kod,词汇,连,那；哪一个（关系词）,拉丁,拉丁语 quod,新造,
kol,词汇及词根,形,一切；全部；每,闪语,希伯来语 kōl,新造,
komo,词汇,副,如何,拉丁,拉丁语 quomodo,新造,
kone,词汇及词根,动,确立 (?)；奠基 (?),拉丁,拉丁语 condere,官方,《明日方舟》集成战略「萨卡兹的无终奇语」宣传 PV 00:58 中的 koneliš
konel,词汇,名,建造者；开发者,拉丁,kone + -el,新造,
konem,词汇,名,建造,拉丁,kone + -m,新造,
kot,词汇,代,多少,拉丁,拉丁语 quot,新造,
kritiko,词汇,形,严重的；批判的,拉丁,拉丁语 criticus,新造,
kubo,词汇,名,方块,拉丁,拉丁语 cubus,新造,
kum,词汇,介,与；以,拉丁,拉丁语 cum,新造,
kur,词汇,副,为何,拉丁,拉丁语 cur,新造,
la'yre,词汇,名,想象,其他,不明,官方,《明日方舟》集成战略「萨卡兹的无终奇语」巫仪档案库中的「想象实体图鉴」la'yre agašleho qandecte
laqah,词汇,动,拿取；接受,闪语,希伯来语 lāqaḥ,新造,
Latino,词汇,形,拉丁语；拉丁的,拉丁,拉丁语 Latinus + -o,新造,
leb,词汇及词根,名,心；意志；心情,闪语,原始闪语 *libb-,新造,
lege,词汇,动,读,拉丁,拉丁语 legere,新造,
legem,词汇,名,阅读,拉丁,lege + -m,新造,
legil,词汇,名,图书馆,拉丁,lege + -il,新造,
-lehem,词根,词根,不明,其他,不明,析出,agašlehem
-leho,词根,词根,不明,其他,不明,析出,agašleho
lel,词汇及词根,名,夜,闪语,阿拉米语 lêl-,新造,
lice,词汇,动,得以；被允许,拉丁,拉丁语 licet,新造,
lis'nam,词汇,名,旋律；歌,其他,不明,新造,
logo,词汇,名,徽标,拉丁,拉丁语 logos,新造,
lon,词汇及词根,名,同伴 (?)；同侪 (?),其他,不明,析出,esqa lonam · Qui'lon
luqimi,词汇,名,不明,其他,不明,官方,《明日方舟》集成战略「萨卡兹的无终奇语」宣传 PV 00:58
-m,词根,缀,名词化,其他,闪语 mimation 之重新分析,析出,malihirm · kerdem 等词
makino,词汇,名,机器；硬件,拉丁,拉丁语 machina,新造,
mali,词汇及词根,名,话语,闪语,希伯来语／阿拉米语 millâ,析出,malihate
malihate,词汇,动,说；言语,闪语,millâ + h-w-y,官方,《明日方舟》集成战略「萨卡兹的无终奇语」宣传 PV 00:55
malihir,词汇,名,灵视,闪语,millâ + 阿拉米语 nəhîr,新造,
malihirm,词汇,名,不明,闪语,malihir + -m,官方,《明日方舟》集成战略「萨卡兹的无终奇语」灵视旋律曲目 10「Malihirmam Benevolentes」
maner,词汇,动,留存 (?),拉丁,拉丁语 manēre,官方,《明日方舟》集成战略「萨卡兹的无终奇语」宣传 PV 00:58 中的 manerit
mapo,词汇,名,地图,拉丁,拉丁语 mappa,新造,
mapo'alma,词汇,名,世界地图,拉丁,mapo + alma,新造,
maqom,词汇,名,地方；位置,闪语,希伯来语 māqôm,新造,
marada,词汇及词根,动,反叛 (?),闪语,希伯来语 mārad,析出,maraditazam
maradit,词汇,动,反叛（完成体）,闪语,希伯来语 mārad,新造,maraditazam
maraditazam,词汇,名,不明,其他,marad + -it + -az + -am,官方,《明日方舟》集成战略「萨卡兹的无终奇语」宣传 PV 00:58
masa,词汇及词根,动,寻获；找到,闪语,希伯来语 māṣāʾ,新造,
masel,词汇,名,寻获者；查找器,闪语,masa + -el,新造,
matematiko,词汇,名,数学,拉丁,拉丁语 mathematica,新造,
maturitat,词汇,名,成年,拉丁,拉丁语 maturitas,新造,
may,词汇及词根,名,水,闪语,原始闪语 *may-,新造,
mea,词汇,数,百,闪语,原始闪语 *miʔat-,新造,
migdal,词汇,名,塔,闪语,希伯来语 migdāl,新造,
Mika'el,词汇,专名,米迦勒,闪语,希伯来语 mîkāʾēl,新造,
miqre,词汇,名,偶然；机遇,闪语,希伯来语 miqreh,新造,
misgab,词汇,名,堡垒；高台,闪语,希伯来语 miśgāb,新造,
mision,词汇,名,任务,拉丁,拉丁语 missio,官方,《明日方舟》界面主题「词祭」中的「任务」misionam
mod,词汇,名,模组,拉丁,技术借词,新造,
mod'pak,词汇,名,模组包,其他,英语 modpack,新造,
modulo,词汇,名,模型；模块,拉丁,拉丁语 modulus,新造,
monito,词汇,名,警示,拉丁,拉丁语 monitum,新造,
muta,词汇,动,切换；变更,拉丁,拉丁语 mutare,新造,
mutel,词汇,名,切换器,拉丁,muta + -el,新造,
mutem,词汇,名,变更,拉丁,muta + -m,新造,
nag,词根,词根,不明,其他,不明,析出,Qui'saršinnag
Nar'aejeph,词汇,名,不明,其他,不明,官方,《明日方舟》集成战略「萨卡兹的无终奇语」灵视旋律曲目 8「Nar'aejeph Saralteri / No Alternatives」
nasa,词汇及词根,动,尝试；试验,闪语,希伯来语 nāsâ,新造,
nasem,词汇,名,尝试,闪语,nasa + -m,新造,
naturo,词汇,名,本质；自然,拉丁,拉丁语 natura,新造,
navige,词汇,动,航行；浏览,拉丁,拉丁语 navigāre,新造,
navigel,词汇,名,浏览器,拉丁,navige + -el,新造,
navigem,词汇,名,航程；邮轮,拉丁,navige + -m,新造,
ne,词汇,代,你,其他,萨卡兹语内部构拟,新造,
necso,词汇,名,链接,拉丁,拉丁语 nexus,新造,
nečata,词汇及词根,动,书写；创作,拉丁,拉丁语 necatum,官方,《明日方舟》集成战略「萨卡兹的无终奇语」主题场景奖励解锁前宣传图 qunanamel ipsi sar isfa nečata
nečatem,词汇,名,文字；书写系统,拉丁,nečata + -m,新造,
nečatil,词汇,名,缮写室,拉丁,nečata + -il,新造,
nečatum,词汇,名,篇章；诗篇,拉丁,拉丁语 necatum,官方,《明日方舟》集成战略「萨卡兹的无终奇语」巫仪档案库中的「预言诗篇」prophationam nečatum
neder,词汇及词根,名,誓约；担保,闪语,希伯来语 neder,新造,
nederhate,词汇,动,保证；起誓,闪语,neder + -hate,新造,
nem,词汇,代,你们,其他,ne + -m,新造,
ni-,词根,缀,中动；被动,闪语,希伯来语 Niphal 前缀 ni-,新造,
nisazzte,词汇,动,舍弃 (?)；放弃 (?),闪语,ni- + 闪语词根 ʿ-z-b,官方,《明日方舟》集成战略「萨卡兹的无终奇语」宣传 PV 00:55
nisi,词汇,连,除非,拉丁,拉丁语 nisi,新造,
nota,词汇,动,标记,拉丁,拉丁语 notare,新造,
noto,词汇,名,标签；标记,拉丁,拉丁语 nota,新造,
nukleo,词汇,名,内核,拉丁,拉丁语 nucleus,新造,
num,词汇,助,是否,拉丁,拉丁语 num,新造,
-o,词根,缀,关系形容词；语言名,拉丁,拉丁语第一、二变格法词尾,析出,sarkazo
Odisseo,词汇,专名,奥德赛,拉丁,拉丁语 Odyssea,新造,
oficiale,词汇,形,官方的,拉丁,拉丁语 officialis,新造,
Olimpiad,词汇,专名,奥林匹克竞赛,拉丁,拉丁语 Olympias,新造,
operation,词汇,名,操作,拉丁,拉丁语 operatio,新造,
operator,词汇,名,干员；操作者,拉丁,拉丁语 operator,新造,
opinion,词汇,名,见解,拉丁,拉丁语 opinio,新造,
optionale,词汇,形,可选的,拉丁,拉丁语 optionalis,新造,
ordin,词汇,名,排名；次序,拉丁,拉丁语 ordo / ordin-,新造,
origin,词汇,名,出身；起源,拉丁,拉丁语 origo / origin-,新造,
pagino,词汇,名,页面,拉丁,拉丁语 pagina,新造,
palat,词汇及词根,动,逃脱,闪语,希伯来语 pālaṭ,新造,
palatil,词汇,名,密室,闪语,palat + -il,新造,
papiro,词汇,名,纸；试卷,拉丁,拉丁语 papyrus,新造,
paralelo,词汇,形,并行的,拉丁,拉丁语 parallelus,新造,
pass,词汇及词根,名,道路；途径,拉丁,拉丁语 passus,官方,《明日方舟》集成战略「萨卡兹的无终奇语」宣传 PV 00:55 中的 passam
pende,词汇,动,悬停,拉丁,拉丁语 pendere,新造,
per,词汇,介,经由；通过,拉丁,拉丁语 per,新造,
piczel,词汇,名,像素,拉丁,技术借词,新造,
pina,词汇,名,角落,闪语,希伯来语 pinnâ,新造,
planeto,词汇,名,行星,拉丁,拉丁语 planeta,新造,
platformo,词汇,名,平台,拉丁,拉丁语 platforma,新造,
plerumke,词汇,副,通常,拉丁,拉丁语 plerumque,新造,
politiko,词汇,形,政治的,拉丁,拉丁语 politicus,新造,
post,词汇,介,在……之后,拉丁,拉丁语 post,新造,
pote,词汇,动,能；可以,拉丁,拉丁语 potest,新造,
premio,词汇,名,奖项,拉丁,拉丁语 praemium,新造,
principio,词汇,名,原理；原则,拉丁,拉丁语 principium,新造,
pro,词汇,介,为了,拉丁,拉丁语 pro,新造,
profesionale,词汇,形,专业的,拉丁,拉丁语 professionalis,新造,
profilo,词汇,名,档案页,拉丁,拉丁语 profilum,新造,
programhate,词汇,动,编程,拉丁,programo + -hate,新造,
programo,词汇,名,程序,拉丁,拉丁语 programma,新造,
proiecto,词汇,名,项目,拉丁,拉丁语 proiectum,新造,
prophation,词汇,名,预言,拉丁,拉丁语 prophetatio,官方,《明日方舟》集成战略「萨卡兹的无终奇语」巫仪档案库中的「预言诗篇」prophationam nečatum
proprietat,词汇,名,财产,拉丁,拉丁语 proprietas,新造,
pulsa,词汇,动,点击,拉丁,拉丁语 pulsare,新造,
qalid,词汇及词根,名,钥匙,其他,希腊语 kleis（经阿拉米语 qlīdā）,官方,《明日方舟》喀利喀「钥匙」英文剧情翻译 Qalid'čoa
qalid'arč,词汇,名,终端,其他,qalid + arč,官方,《明日方舟》界面主题「词祭」中的「终端」qalid'arč
Qalid'čoa,词汇,名,钥匙,其他,qalid + čoa,官方,《明日方舟》喀利喀「钥匙」英文剧情翻译 Qalid'čoa
qandecte,词汇,名,图鉴；名录,拉丁,拉丁语，具体词源不详,官方,《明日方舟》集成战略「萨卡兹的无终奇语」巫仪档案库中的「想象实体图鉴」la'yre agašleho qandecte
qav,词汇及词根,名,绳；界线；量度,闪语,希伯来语 qaw,新造,
qav'idan,词汇,名,时区,闪语,qav + idan,新造,
qav'palifanil,词汇,名,不明,其他,qav + 不明,官方,《明日方舟》集成战略「萨卡兹的无终奇语」宣传 PV 00:58
qava,词汇,动,拉紧；绷紧,闪语,希伯来语 qāwâ,新造,
qavem,词汇,名,计数；统计,闪语,qav + -m,新造,
qavil,词汇,名,关卡；检查点,闪语,qav + -il,新造,
qavqui,词汇,名,危机；绷紧之刻,闪语,qav + qui,新造,
qe,词汇,代,我,其他,不明,官方,《明日方舟》集成战略「萨卡兹的无终奇语」宣传 PV 00:55
qem,词汇,代,我们,其他,qe + -m,新造,
qerah,词汇,名,冰；霜,闪语,希伯来语 qeraḥ,新造,
qlim,词汇,名,语言,闪语,阿拉伯语词根 k-l-m,官方,《明日方舟》集成战略「萨卡兹的无终奇语」宣传 PV 00:55
qol,词汇及词根,名,声音；嗓音,闪语,希伯来语 qôl,新造,
qri,词汇,介,经由；藉由,其他,不明,官方,《明日方舟》集成战略「萨卡兹的无终奇语」宣传 PV 00:58
qui,词汇及词根,名,希望,闪语,希伯来语 qāwâ / tiqwâ,官方,Qui'lon · Qui'sartuštaj
Qui'lon,词汇,专名,奎隆,闪语,qui + lon,官方,《明日方舟》奎隆英文剧情翻译 Qui'lon
Qui'saršinnag,词汇,专名,奎萨辛娜,闪语,qui + sar- + sinnag,官方,《明日方舟》奎萨辛娜「不允分离的希望」英文剧情翻译 Qui'saršinnag
Qui'sartuštaj,词汇,专名,奎萨图什塔,闪语,qui + sar- + tuštaj,官方,《明日方舟》奎萨图什塔「不灭的希望」英文剧情翻译 Qui'sartuštaj
quihate,词汇,动,期待；等待,闪语,qui + -hate,新造,
qunanamel,词汇,名,不明（-el 分词）,其他,不明,官方,《明日方舟》集成战略「萨卡兹的无终奇语」主题场景奖励解锁前宣传图 qunanamel ipsi sar isfa nečata
rab,词汇及词根,形,许多；更多；伟大,闪语,希伯来语 rab,新造,
ration,词汇,名,账户,拉丁,拉丁语 ratio,新造,
rede,词汇,动,归还,拉丁,拉丁语 reddere,新造,
redem,词汇,名,退款,拉丁,rede + -m,新造,
redirige,词汇,动,重定向,拉丁,拉丁语 redirigere,新造,
redito,词汇,名,收入,拉丁,拉丁语 reditus,新造,
refere,词汇,动,参照,拉丁,拉丁语 referre,新造,
refice,词汇,动,重构,拉丁,拉丁语 reficere,新造,
reg,词汇及词根,名,片刻,闪语,希伯来语 regaʿ,新造,
region,词汇,名,地区,拉丁,拉丁语 regio,新造,
relation,词汇,名,报告,拉丁,拉丁语 relatio,新造,
religion,词汇,名,宗教,拉丁,拉丁语 religio,新造,
remove,词汇,动,移除,拉丁,拉丁语 removere,新造,
repone,词汇,动,替换,拉丁,拉丁语 reponere,新造,
resonale,词汇,名,追忆,拉丁,拉丁语 resonare,官方,《明日方舟》集成战略「萨卡兹的无终奇语」巫仪档案库中的「年代追忆」dwumo resonale
rešet,词汇,名,网；网络,闪语,希伯来语 rešet,新造,
ritmo,词汇,名,节奏,拉丁,拉丁语 rhythmus,新造,
rota,词汇,动,旋转,拉丁,拉丁语 rotare,新造,
safar,词汇及词根,动,数算；述说,闪语,希伯来语 sāpar,新造,
safarem,词汇,名,分数；计分,闪语,safar + -m,新造,
sahaq,词汇,动,玩；游戏；嬉笑,闪语,希伯来语 śāḥaq,新造,
sahaqel,词汇,名,玩家,闪语,sahaq + -el,新造,
sahaqem,词汇,名,游戏,闪语,sahaq + -m,新造,
sahar,词汇,动,贸易；行商,闪语,希伯来语 sāḥar,新造,
salah,词汇及词根,动,成功；亨通,闪语,希伯来语 ṣālaḥ,新造,
salahel,词汇,名,优胜者,闪语,salah + -el,新造,
salahem,词汇,名,成就；成功,闪语,salah + -m,新造,
sar-,词根,缀,否定；缺失,闪语,希伯来语 sûr / sār,析出,Qui'sartuštaj · Sarkaz 等词
sarabadem,词汇,名,闲暇；非工作时间,闪语,sar- + abadem,新造,
saraf,词汇,名,炽天使；燃烧者,闪语,希伯来语 śārāp̄,新造,
sarafim,词汇,名,炽天使众,闪语,希伯来语 śərāp̄îm,新造,
saraǧul,词汇,名,朋友,闪语,sar- + 阿拉伯语 al-ghūl,官方,《明日方舟》集成战略「萨卡兹的无终奇语」灵视旋律曲目 9「Sura Saraǧul'tee / Arise My Friends」
saralteri,词汇,名,别无选择 (?),拉丁,sar- + alteri,官方,《明日方舟》集成战略「萨卡兹的无终奇语」灵视旋律曲目 8「Nar'aejeph Saralteri / No Alternatives」
saremet,词汇,名,不准确,闪语,sar- + emet,新造,
Sarkaz,词汇,专名,萨卡兹；无根之人,闪语,sar- + kaz,官方,《明日方舟》萨卡兹英文剧情翻译 Sarkaz
sarkazim,词汇,名,萨卡兹诸族；无根者众,闪语,sarkaz + -im,新造,
sarkazo,词汇,形,萨卡兹的；萨卡兹语,闪语,sarkaz + -o,官方,《明日方舟》集成战略「萨卡兹的无终奇语」宣传 PV 00:58
sarmaseliš,词汇,动,未找到,闪语,sar- + masa + -eliš,新造,
sarpapiro,词汇,形,无纸的,拉丁,sar- + papiro,新造,
sartelo,词汇,形,离线的,拉丁,sar- + telo,新造,
scientio,词汇,名,科学,拉丁,拉丁语 scientia,新造,
scientio'computel,词汇,名,计算机科学,拉丁,scientio + computel,新造,
se,词汇,代,他；她；它,其他,萨卡兹语内部构拟,新造,
section,词汇,名,章节,拉丁,拉丁语 sectio,新造,
securitat,词汇,名,安全,拉丁,拉丁语 securitas,新造,
seczo,词汇,名,性别,拉丁,拉丁语 sexus,新造,
sed,词汇,连,但是,拉丁,拉丁语 sed,新造,
sefer,词汇及词根,名,书,闪语,希伯来语 sēper,新造,
selem,词汇及词根,名,图像；头像,闪语,希伯来语／阿拉米语 ṣelem,新造,
selem'fundo,词汇,名,壁纸,闪语,selem + fundo,新造,
selemil,词汇,名,画廊,闪语,selem + -il,新造,
sem,词汇,代,他们,其他,se + -m,新造,
serve,词汇,动,服务,拉丁,拉丁语 servire,新造,
servel,词汇,名,服务器,拉丁,serve + -el,新造,
si,词汇,连,如果,拉丁,拉丁语 si,新造,
signo,词汇,名,标志；符号,拉丁,拉丁语 signum,新造,
silabo,词汇,名,考纲,拉丁,拉丁语 syllabus,新造,
simplice,词汇,副,简单地,拉丁,拉丁语 simplex,新造,
simulation,词汇,名,模拟,拉丁,拉丁语 simulatio,新造,
Sina,词汇,专名,中国,拉丁,拉丁语 Sina,新造,
sine,词汇,介,没有,拉丁,拉丁语 sine,新造,
sinnag,词根,词根,分离,其他,不明,新造,
Sino,词汇,形,汉语；中国的,拉丁,Sina + -o,新造,
sistemo,词汇,名,系统,拉丁,拉丁语 systema,新造,
sito,词汇,名,站点,拉丁,拉丁语 situs,新造,
skedulo,词汇,名,草稿,拉丁,拉丁语 schedula,新造,
skolo,词汇,名,学校,拉丁,拉丁语 schola,新造,
solution,词汇,名,支付；解答,拉丁,拉丁语 solutio,新造,
solve,词汇,动,支付,拉丁,拉丁语 solvere,新造,
stato,词汇,名,状态；身分,拉丁,拉丁语 status,新造,
strato,词汇,名,层,拉丁,拉丁语 stratum,新造,
strukturo,词汇,名,结构,拉丁,拉丁语 structura,新造,
studio,词汇,名,兴趣；志趣,拉丁,拉丁语 studium,新造,
sub,词汇,介,在……之下,拉丁,拉丁语 sub,新造,
sub'may,词汇,名,潜水艇,闪语,sub + may,新造,
subfere,词汇,动,下载,拉丁,拉丁语 sufferre,新造,
subferel,词汇,名,下载器,拉丁,subfere + -el,新造,
subsito,词汇,名,子站,拉丁,拉丁语 sub- + situs,新造,
sudarhate,词汇,动,遮蔽；隐藏,其他,sudar + -hate,新造,
super,词汇,介,在……之上,拉丁,拉丁语 super,新造,
superfere,词汇,动,上传,拉丁,拉丁语 superferre,新造,
sura,词汇及词根,动,上升；起身,其他,不明,官方,《明日方舟》集成战略「萨卡兹的无终奇语」灵视旋律曲目 9「Sura Saraǧul'tee / Arise My Friends」
surem,词汇,名,进展；上升,其他,sura + -m,新造,
šab,词汇,数,七,闪语,原始闪语 *šabʕ-,新造,
šala,词汇及词根,动,问；询问,闪语,希伯来语 šāʾal,新造,
šalaš,词汇,数,三,闪语,原始闪语 *ṯalāṯ-,新造,
šalem,词汇,名,问题,闪语,šala + -m,新造,
šama,词汇及词根,动,听,闪语,原始闪语 *šamaʕ-,新造,
šamane,词汇,数,八,闪语,原始闪语 *ṯamāniy-,新造,
šanae,词汇,名,天空,闪语,原始闪语 *šamāy-,官方,《明日方舟》集成战略「萨卡兹的无终奇语」宣传 PV 01:17
šapal,词汇,动,使低下；压制,闪语,希伯来语 šāpēl,新造,
šara,词汇及词根,动,留存；残留,闪语,希伯来语 šāʾar,新造,
šarem,词汇,名,生存,闪语,šara + -m,新造,
šat,词汇及词根,名,年,闪语,原始闪语 *šan-t-,新造,
šat'maturitat,词汇,名,成年年龄,闪语,šat + maturitat,新造,
šem,词汇及词根,名,名字；标签,闪语,原始闪语 *šim-,新造,
šemhate,词汇,动,命名；称呼,闪语,šem + -hate,新造,
šeraqim,词汇,名,某一族系 (?)；世系 (?),闪语,参希伯来语 śərāp̄îm,官方,《明日方舟》集成战略「萨卡兹的无终奇语」宣传 PV 00:58 中的 šeraqimam
šeš,词汇,数,六,闪语,原始闪语 *šidṯ-,新造,
šin,词汇及词根,数,二,闪语,原始闪语 *ṯin-,新造,
šwiǧem,词汇,名,亡魂 (?)；归返者 (?),其他,不明,官方,《明日方舟》集成战略「萨卡兹的无终奇语」宣传 PV 00:58 中的 šwiǧemam
tabulo,词汇,名,商店,拉丁,拉丁语 tabula,官方,《明日方舟》界面主题「词祭」中的「商店」tabulo
taj,词根,词根,灭亡,其他,不明,新造,
tamen,词汇,连,然而,拉丁,拉丁语 tamen,新造,
tana,词汇及词根,动,给予；捐赠,闪语,希伯来语 nātan（命令式 tēn）,新造,
tanem,词汇,名,赠礼；捐赠；贡献,闪语,tana + -m,新造,
tee,词汇及词根,代,我的（从属式）,其他,不明,官方,Buldrokkas'tee · Saraǧul'tee 等词
tee-,词根,缀,具有；被赋予,其他,不明,官方,Teekaz
teeabadem,词汇,形,忙碌的,闪语,tee- + abadem,新造,
teebina,词汇,形,赋有理性的,闪语,tee- + bina,新造,
teeiur,词汇,形,有权利的,拉丁,tee- + iur,新造,
Teekaz,词汇,专名,提卡兹；有家园者,其他,tee- + kaz,官方,《明日方舟》提卡兹英文剧情翻译 Teekaz
teekazim,词汇,名,提卡兹诸族,其他,teekaz + -im,新造,
teequi,词汇,名,理想主义者,闪语,tee- + qui,新造,
teetelo,词汇,形,在线的,拉丁,tee- + telo,新造,
teetoda,词汇,形,感激的,闪语,tee- + toda,新造,
tegulo,词汇,名,瓦片；图块,拉丁,拉丁语 tegula,新造,
telo,词汇,名,网；网站,拉丁,拉丁语 tela,新造,
temo,词汇,名,主题,拉丁,拉丁语 thema,新造,
Terra,词汇,专名,泰拉；地球,拉丁,拉丁语 Terra,新造,
tesauro,词汇,名,仓库；宝库,拉丁,拉丁语 thesaurus,官方,《明日方舟》界面主题「词祭」中的「仓库」tesauro
teša,词汇,数,九,闪语,原始闪语 *tišʕ-,新造,
titulo,词汇,名,标题,拉丁,拉丁语 titulus,新造,
tob,词汇及词根,形,好的；更好的；最好的,闪语,希伯来语 ṭôb,新造,
tobhate,词汇,动,使变好,闪语,tob + -hate,新造,
toda,词汇及词根,名,感谢,闪语,希伯来语 tôdâ,新造,
-tor,词根,缀,职位性施事者 (?),拉丁,拉丁语 -tor,析出,iutor
translation,词汇,名,翻译,拉丁,拉丁语 translatio,新造,
transmision,词汇,名,传输,拉丁,拉丁语 transmissio,新造,
transmite,词汇,动,传输,拉丁,拉丁语 transmittere,新造,
treno,词汇,名,列车,拉丁,拉丁语 trahere,新造,
tribu,词汇,名,部落,拉丁,拉丁语 tribus,新造,
tuš,词根,词根,灭亡 (?),其他,不明,析出,Qui'sartuštaj
tuštaj,词汇,动,消亡,其他,tuš + taj,析出,Qui'sartuštaj
ubi,词汇,副,何处,拉丁,拉丁语 ubi,新造,
uniko,词汇,形,唯一的,拉丁,拉丁语 unicus,新造,
universitat,词汇,名,大学,拉丁,拉丁语 universitas,新造,
upharaelad,词汇,名,辑录；汇编,其他,不明,官方,《明日方舟》集成战略「萨卡兹的无终奇语」巫仪档案库中的「佚散思维辑录」kal'agashleho upharaelad
urbo,词汇,名,城市,拉丁,拉丁语 urbs,新造,
urbusil,词汇,名,档案之城 (?),拉丁,拉丁语 urbs + -īle,官方,《明日方舟》集成战略「萨卡兹的无终奇语」宣传 PV 00:58
ut,词汇,连,以便,拉丁,拉丁语 ut,新造,
utile,词汇,形,有用的,拉丁,拉丁语 utilis,新造,
varia,词汇,名,杂项,拉丁,拉丁语 varia,新造,
vario,词汇,名,杂项,拉丁,拉丁语 varium,新造,
veczilo,词汇,名,横幅,拉丁,拉丁语 vexillum,新造,
version,词汇,名,版本,拉丁,拉丁语 versio,新造,
visita,词汇,动,访问,拉丁,拉丁语 visitare,新造,
visitel,词汇,名,访客,拉丁,visita + -el,新造,
visitem,词汇,名,一次访问,拉丁,visita + -m,新造,
vole,词汇,动,想要；意欲,拉丁,拉丁语 vult,新造,
volve,词汇,动,滚动,拉丁,拉丁语 volvere,新造,
vul'fanas,词汇,形,虚构的,其他,希腊语 phantasma,官方,《明日方舟》集成战略「萨卡兹的无终奇语」巫仪档案库中的「虚构展览」vul'fanas eczbitie
vul'fanasm,词汇,名,幻想,其他,vul'fanas + -m,官方,《明日方舟》集成战略「萨卡兹的无终奇语」宣传 PV 01:19
-w-,词根,缀,复数连接滑音（后元音后）,其他,不明,新造,
wiš,词汇及词根,名,愿望；祈愿；目标,其他,英语 wish,析出,Wiš'adel
Wiš'adel,词汇,专名,维什戴尔,其他,wiš + a- + del,官方,《明日方舟》维什戴尔「家之祈愿」英文名 Wiš'adel
-y-,词根,缀,复数连接滑音（前元音后）,其他,不明,新造,
yad,词汇及词根,名,手,闪语,原始闪语 *yad-,新造,
yalad,词汇及词根,动,生；产,闪语,希伯来语 yālad,新造,
yaladem,词汇,名,出生,闪语,yalad + -m,新造,
yasaf,词汇,动,添加,闪语,希伯来语 yāsap̄,新造,
yašen,词汇,动,睡,闪语,希伯来语 yāšēn,新造,
yliš,词汇,名,不明,其他,不明,新造,《明日方舟》BB-1 行动后英文剧情文本
yom,词汇及词根,名,日；白昼,闪语,原始闪语 *yawm-,新造,
zahab,词汇及词根,名,黄金,闪语,希伯来语 zāhāb,新造,
ze,词汇,代,这,闪语,希伯来语 zeh,新造,
